response_id,Timestamp,Q1_AgeGroup_code,Q1_AgeGroup_label,Q2_Gender_code,Q2_Gender_label,Q3_Occupation_code,occupation_normalized,occupation_detail,Q4_Nationality_code,nationality_group,nationality_detail,Q4b_AfricanCountry_normalized,Q5_VisitReason_code,Q5_VisitReason_label,Q6_Familiarity_code,Q6_Familiarity_label,Q7_HeardFrom_code,Q7_HeardFrom_label,platform_use_facebook,platform_use_instagram,platform_use_tiktok,platform_use_youtube,platform_use_whatsapp,platform_use_telegram,Q9_VisitedWebsite_code,Q9_VisitedWebsite_label,Q10_WebsiteRating,Q11a_PersRec,Q11b_Chatbot,Q11c_TrustAI,Q11d_AutoNotif,Q11e_AIRecipes,q12_chatbot,q12_personalised_rec,q12_auto_notif,q12_ai_recipes,q12_smart_search,q12_ai_promotions,q12_none,Q13_SocialAdPurchase_code,Q13_SocialAdPurchase_label,Q14_OnlineGrocery_code,Q14_OnlineGrocery_label,q15_product_showcases,q15_recipes_tutorials,q15_cultural_stories,q15_promotions_sales,q15_customer_reviews,q15_behind_the_scenes,q15_educational,q16_social_media,q16_email,q16_whatsapp_telegram,q16_sms,q16_no_comms,q17_limited_range,q17_info_hard_to_find,q17_no_online_order,q17_poor_website,q17_poor_communication,q17_language_barriers,q17_none,q17_other,Q18_Improvement
1,2026-04-16T12:56:32,c,26–35,a,Male,a,Student,,b,African,,Nigeria,a,To buy specific food products unavailable elsewhere,a,I am a regular customer (shop at least once a month),f,Google search,Daily,Daily,Never,Daily,Daily,Rarely,a,"Yes, multiple times",4,5,3,3,5,4,1,1,1,1,1,0,0,c,Sometimes,d,Occasionally,1,0,1,1,1,0,1,1,0,0,0,0,1,1,0,0,0,0,0,0,Steady notification about product arrivals either new or replenishment.
2,2026-04-16T14:04:03,c,26–35,b,Female,e,Unemployed,,b,African,,Zimbabwe,a,To buy specific food products unavailable elsewhere,a,I am a regular customer (shop at least once a month),d,Friend or family recommendation,Daily,A few times/month,A few times/month,Daily,Daily,A few times/month,c,No,2,4,2,4,4,1,0,1,0,0,0,0,0,c,Sometimes,d,Occasionally,0,0,0,1,0,0,0,0,1,0,0,0,1,0,0,0,0,0,0,0,
3,2026-04-16T14:33:46,c,26–35,a,Male,d,Self-employed,,b,African,,Nigeria,a,To buy specific food products unavailable elsewhere,c,I have visited once or twice,d,Friend or family recommendation,Once a week,Daily,Once a week,Daily,Daily,A few times/month,b,"Yes, once",1,4,1,5,1,1,1,0,1,1,1,0,0,d,Rarely,d,Occasionally,1,1,0,0,0,0,0,1,0,1,1,0,0,0,1,0,1,0,0,0,Create a an order and delivery AI assistant in my WhatsApp that helps me place an order directly from my WhatsApp without having to go to the website. If possible turn the website to a showcase platform and orders can be made directly through WhatsApp by using WhatsApp API for AI chatbots.
4,2026-04-16T14:39:38,c,26–35,a,Male,b,Employed full-time,,b,African,,Nigeria,g,Cultural connection or nostalgia,a,I am a regular customer (shop at least once a month),d,Friend or family recommendation,Daily,Daily,Never,Once a week,Daily,Rarely,a,"Yes, multiple times",4,5,5,1,5,1,1,0,1,0,1,1,0,b,Often,a,Always,1,0,0,1,1,1,1,1,0,0,0,0,0,0,1,0,1,0,0,0,
5,2026-04-16T14:54:37,b,18–25,a,Male,a,Student,,b,African,,,e,Convenience of location,a,I am a regular customer (shop at least once a month),f,Google search,Several times/week,Daily,Daily,Several times/week,Daily,Once a week,a,"Yes, multiple times",4,3,,,,,0,0,0,0,1,0,0,b,Often,e,Never,1,1,0,1,0,0,0,0,0,0,1,0,0,0,0,0,0,0,1,0,Cheap price
6,2026-04-16T14:56:48,c,26–35,b,Female,a,Student,,,African,African European,Côte d'Ivoire; Cameroon,a,To buy specific food products unavailable elsewhere,b,I am an occasional customer (shop a few times a year),e,Walking past the store,Several times/week,Several times/week,,Several times/week,Several times/week,,b,"Yes, once",1,3,4,3,5,5,0,1,1,0,1,1,0,d,Rarely,d,Occasionally,1,1,1,1,0,0,0,1,0,0,0,0,1,1,0,1,0,0,0,0,"I believe state the availability of their products, all and all more accurate information about the state of the products in the store."
7,2026-04-16T14:57:19,c,26–35,a,Male,b,Employed full-time,,b,African,,Republic of the Congo,a,To buy specific food products unavailable elsewhere,b,I am an occasional customer (shop a few times a year),d,Friend or family recommendation,,Daily,Daily,Daily,Daily,Once a week,a,"Yes, multiple times",4,2,1,1,2,1,0,0,1,0,0,0,0,c,Sometimes,d,Occasionally,0,0,0,1,0,0,0,0,0,1,0,0,1,0,1,1,1,0,0,0,Improve online ordering and delivery
8,2026-04-16T15:19:55,b,18–25,a,Male,a,Student,,b,African,,Nigeria,a,To buy specific food products unavailable elsewhere,a,I am a regular customer (shop at least once a month),d,Friend or family recommendation,,Daily,Daily,Several times/week,Daily,,a,"Yes, multiple times",5,5,4,3,5,5,1,0,0,0,0,0,0,c,Sometimes,c,About half the time,1,1,0,0,0,0,0,0,1,0,0,0,0,0,0,0,0,0,1,0,
9,2026-04-16T15:34:45,b,18–25,a,Male,a,Student,,b,African,,Nigeria,a,To buy specific food products unavailable elsewhere,b,I am an occasional customer (shop a few times a year),d,Friend or family recommendation,A few times/month,Daily,Daily,Once a week,Daily,Rarely,a,"Yes, multiple times",3,3,1,3,4,1,0,0,0,0,0,1,0,d,Rarely,e,Never,0,0,0,1,0,0,0,1,0,0,0,0,1,0,0,0,0,0,0,0,
10,2026-04-16T15:49:44,c,26–35,b,Female,b,Employed full-time,,b,African,,Nigeria,a,To buy specific food products unavailable elsewhere,a,I am a regular customer (shop at least once a month),d,Friend or family recommendation,Once a week,Daily,Once a week,Several times/week,Several times/week,Once a week,b,"Yes, once",4,3,3,3,3,3,1,0,0,0,0,0,0,c,Sometimes,e,Never,1,0,0,0,0,0,0,1,0,0,0,0,0,0,0,0,1,0,0,0,
11,2026-04-16T15:57:24,c,26–35,b,Female,a,Student,,b,African,,Nigeria,a,To buy specific food products unavailable elsewhere,a,I am a regular customer (shop at least once a month),f,Google search,Daily,Daily,Once a week,Daily,Daily,Never,b,"Yes, once",3,4,3,3,4,2,1,0,1,0,1,1,0,c,Sometimes,e,Never,0,0,0,1,0,0,0,1,1,0,0,0,0,0,0,0,0,0,1,0,
12,2026-04-16T16:01:04,c,26–35,a,Male,b,Employed full-time,,b,African,,Angola,a,To buy specific food products unavailable elsewhere,b,I am an occasional customer (shop a few times a year),e,Walking past the store,Daily,Daily,Daily,Daily,Daily,Rarely,d,I was not aware they had a website,,3,4,3,4,4,1,1,1,1,1,1,0,e,Never,d,Occasionally,1,1,1,1,1,1,1,1,0,0,0,0,0,0,0,0,0,0,1,0,
13,2026-04-16T16:19:07,d,36–45,b,Female,b,Employed full-time,,a,Lithuanian,,,c,Curiosity about African cuisine or culture,b,I am an occasional customer (shop a few times a year),b,Instagram,Several times/week,Daily,Rarely,Several times/week,Never,Never,c,No,,,,,,,1,0,0,1,1,1,0,d,Rarely,b,Most of the time,0,1,1,1,0,0,1,1,0,0,0,0,,,,,,,,,
14,2026-04-16T16:58:03,c,26–35,a,Male,a,Student,,b,African,,Nigeria,a,To buy specific food products unavailable elsewhere,c,I have visited once or twice,d,Friend or family recommendation,Several times/week,Rarely,Never,Several times/week,Daily,Rarely,c,No,,5,5,5,5,1,0,1,0,0,0,0,0,e,Never,d,Occasionally,0,1,0,0,0,0,1,1,0,0,0,0,0,0,0,0,0,0,1,0,
15,2026-04-16T17:04:24,b,18–25,a,Male,b,Employed full-time,,b,African,,Morocco,a,To buy specific food products unavailable elsewhere,a,I am a regular customer (shop at least once a month),f,Google search,Several times/week,Daily,Several times/week,Daily,Daily,Rarely,d,I was not aware they had a website,4,4,4,4,4,3,1,1,1,0,1,0,0,b,Often,b,Most of the time,1,1,0,1,0,0,0,0,0,0,0,1,0,1,1,0,0,0,0,0,
16,2026-04-16T17:39:11,c,26–35,b,Female,a,Student,,b,African,,DR Congo,a,To buy specific food products unavailable elsewhere,a,I am a regular customer (shop at least once a month),b,Instagram,Once a week,Daily,Daily,Once a week,Daily,Rarely,b,"Yes, once",3,4,2,2,4,1,0,0,0,0,1,0,0,c,Sometimes,d,Occasionally,1,0,0,0,0,0,0,0,0,1,0,0,1,0,0,0,0,0,0,0,To always have the stock
17,2026-04-16T17:50:56,c,26–35,a,Male,e,Unemployed,,b,African,,Nigeria,a,To buy specific food products unavailable elsewhere,a,I am a regular customer (shop at least once a month),d,Friend or family recommendation,,Daily,Several times/week,A few times/month,Daily,Once a week,c,No,3,1,3,3,2,3,1,0,0,0,0,0,0,d,Rarely,e,Never,0,1,0,1,0,0,0,1,0,1,0,0,0,0,1,1,0,0,0,0,
18,2026-04-16T19:58:20,b,18–25,a,Male,b,Employed full-time,,b,African,,Cameroon,a,To buy specific food products unavailable elsewhere,a,I am a regular customer (shop at least once a month),g,Online advertisement,,Daily,,,Daily,,a,"Yes, multiple times",5,5,5,5,5,5,1,0,0,0,0,0,0,a,Very often,a,Always,1,1,0,0,0,0,0,1,0,1,0,0,0,0,0,0,0,0,0,1,Price
19,2026-04-16T20:06:10,c,26–35,b,Female,b,Employed full-time,,b,African,,Cameroon,a,To buy specific food products unavailable elsewhere,a,I am a regular customer (shop at least once a month),d,Friend or family recommendation,,Once a week,Once a week,Once a week,Once a week,Several times/week,a,"Yes, multiple times",5,4,3,2,2,4,0,0,0,0,1,0,0,a,Very often,d,Occasionally,0,0,1,1,0,0,1,1,0,0,0,0,0,0,0,0,0,0,1,0,24/7availibility
20,2026-04-16T20:39:40,c,26–35,a,Male,b,Employed full-time,,b,African,,,a,To buy specific food products unavailable elsewhere,a,I am a regular customer (shop at least once a month),d,Friend or family recommendation,Rarely,Rarely,Rarely,Rarely,Rarely,Never,c,No,,,,,,,0,1,0,0,0,0,0,b,Often,d,Occasionally,0,0,0,1,0,0,0,1,0,0,0,0,,,,,,,,,
21,2026-04-16T20:56:05,b,18–25,b,Female,a,Student,,b,African,,Cameroon,a,To buy specific food products unavailable elsewhere,a,I am a regular customer (shop at least once a month),d,Friend or family recommendation,Daily,Daily,Daily,Daily,Daily,Several times/week,a,"Yes, multiple times",4,3,3,3,3,3,0,0,0,0,1,0,0,b,Often,d,Occasionally,1,0,0,0,0,0,0,1,0,0,0,0,0,0,0,0,0,0,1,0,More advert
22,2026-04-16T20:58:39,c,26–35,a,Male,a,Student,,b,African,,,h,To find ingredients for specific recipes,a,I am a regular customer (shop at least once a month),e,Walking past the store,Daily,Daily,Several times/week,Daily,Daily,Rarely,c,No,,1,3,2,1,2,0,0,0,0,0,1,0,b,Often,d,Occasionally,0,0,0,1,0,0,0,1,0,0,0,0,1,0,0,0,0,0,0,0,
23,2026-04-16T21:20:12,c,26–35,a,Male,a,Student,,b,African,,Cameroon,a,To buy specific food products unavailable elsewhere,a,I am a regular customer (shop at least once a month),d,Friend or family recommendation,Several times/week,Several times/week,Several times/week,Several times/week,Several times/week,Several times/week,a,"Yes, multiple times",5,5,5,5,5,5,1,1,0,0,0,0,0,a,Very often,a,Always,1,0,0,1,1,1,0,0,0,1,0,0,0,0,0,0,0,0,1,0,More discount
24,2026-04-16T22:31:20,c,26–35,a,Male,a,Student,,b,African,,Cameroon,a,To buy specific food products unavailable elsewhere,a,I am a regular customer (shop at least once a month),d,Friend or family recommendation,Daily,Once a week,Several times/week,Daily,Daily,Rarely,a,"Yes, multiple times",4,4,5,5,5,5,0,1,0,1,0,1,0,c,Sometimes,d,Occasionally,1,0,0,1,0,0,0,1,0,1,0,0,0,0,0,0,0,0,1,0,Prepare a product catalogue that will reflect the product on the counter
25,2026-04-17T00:09:54,c,26–35,a,Male,a,Student,,b,African,,Cameroon,g,Cultural connection or nostalgia,a,I am a regular customer (shop at least once a month),d,Friend or family recommendation,Daily,Daily,Daily,Daily,Daily,A few times/month,a,"Yes, multiple times",4,4,2,1,5,3,1,1,1,0,0,0,0,c,Sometimes,e,Never,1,0,0,1,0,0,0,0,0,1,0,0,1,0,0,0,0,0,0,0,Notify clients when products go out of stock
26,2026-04-17T20:13:57,b,18–25,a,Male,a,Student,,,Asian,Assian,,a,To buy specific food products unavailable elsewhere,c,I have visited once or twice,e,Walking past the store,Daily,Daily,Never,Daily,Daily,Daily,c,No,4,3,3,4,3,4,1,0,0,0,0,0,0,a,Very often,c,About half the time,0,0,0,1,0,0,0,1,0,0,0,0,0,1,1,0,0,0,0,0,
27,2026-04-19T18:11:51,b,18–25,a,Male,a,Student,,,Asian,Bangladeshi,,d,Recommendation from friends or family,d,I have heard of it but never visited,d,Friend or family recommendation,Several times/week,Daily,Rarely,Several times/week,Daily,Once a week,c,No,3,3,,,,,1,0,0,0,1,1,0,d,Rarely,a,Always,0,1,1,1,0,0,0,1,0,0,0,0,0,0,1,1,0,0,0,0,
28,2026-04-19T18:33:31,b,18–25,b,Female,,Student + Working,Student and working,a,Lithuanian,,,h,To find ingredients for specific recipes,e,I have never heard of African Market,,,Daily,Daily,Daily,Several times/week,A few times/month,A few times/month,,,,,,,,,,,,,,,,,,,,,,,,,,,,,,,,,,,,,,,,
29,2026-04-19T19:04:23,c,26–35,a,Male,a,Student,,b,African,,Algeria,a,To buy specific food products unavailable elsewhere,a,I am a regular customer (shop at least once a month),d,Friend or family recommendation,Daily,Daily,Daily,Once a week,Daily,Rarely,c,No,5,3,3,2,2,3,1,0,0,0,0,0,0,a,Very often,a,Always,0,0,1,0,0,0,0,1,0,0,0,0,0,0,0,0,1,0,0,0,
30,2026-04-19T20:35:10,c,26–35,a,Male,a,Student,,,Asian,Bangladeshi,,a,To buy specific food products unavailable elsewhere,c,I have visited once or twice,h,Other: ___,Rarely,Rarely,Rarely,Daily,Daily,Rarely,d,I was not aware they had a website,,,,,,,1,0,0,1,0,0,0,d,Rarely,e,Never,,,,,,,,0,0,0,0,1,,,,,,,,,
31,2026-04-20T12:28:23,c,26–35,a,Male,a,Student,,b,African,,Nigeria,a,To buy specific food products unavailable elsewhere,a,I am a regular customer (shop at least once a month),e,Walking past the store,Several times/week,Daily,Once a week,Daily,Daily,Several times/week,b,"Yes, once",3,3,3,2,3,1,1,1,0,1,1,0,0,d,Rarely,e,Never,1,1,1,1,1,0,1,1,0,1,0,0,0,1,0,0,0,0,0,0,Post more engaging and interactive content - make it more fun and creative.
32,2026-04-20T16:09:32,b,18–25,a,Male,c,Employed part-time,,b,African,,Nigeria,a,To buy specific food products unavailable elsewhere,a,I am a regular customer (shop at least once a month),d,Friend or family recommendation,Daily,Daily,A few times/month,Daily,Daily,Rarely,c,No,,2,1,1,1,1,1,0,0,0,1,1,0,c,Sometimes,d,Occasionally,1,1,0,1,0,0,0,1,0,1,0,0,1,0,0,0,1,0,0,0,
33,2026-04-22T05:36:43,c,26–35,a,Male,a,Student,,b,African,,,a,To buy specific food products unavailable elsewhere,a,I am a regular customer (shop at least once a month),f,Google search,Daily,Daily,Daily,Daily,Daily,Daily,c,No,,4,4,3,4,4,1,0,0,1,1,1,0,c,Sometimes,a,Always,1,1,0,1,0,0,0,1,0,1,1,0,1,0,1,0,0,0,0,0,
34,2026-04-22T22:18:58,b,18–25,b,Female,a,Student,,,Middle Eastern,Turkish,,e,Convenience of location,e,I have never heard of African Market,,,Rarely,Daily,Daily,Daily,Daily,A few times/month,,,,,,,,,,,,,,,,,,,,,,,,,,,,,,,,,,,,,,,,
35,2026-04-22T22:29:23,b,18–25,b,Female,a,Student,,,Middle Eastern,Middle eastern,,g,Cultural connection or nostalgia,e,I have never heard of African Market,,,Never,Daily,Never,Daily,Daily,Never,,,,,,,,,,,,,,,,,,,,,,,,,,,,,,,,,,,,,,,,
36,2026-04-22T22:30:21,b,18–25,a,Male,a,Student,,c,European (non-Lithuanian),,,e,Convenience of location,c,I have visited once or twice,e,Walking past the store,,Daily,,Once a week,Daily,Several times/week,c,No,4,4,5,3,5,3,0,0,1,0,0,0,0,c,Sometimes,d,Occasionally,0,0,0,1,0,0,0,1,1,1,0,0,0,1,0,0,1,0,1,0,Make ads
37,2026-04-23T01:37:34,b,18–25,b,Female,b,Employed full-time,,a,Lithuanian,,,a,To buy specific food products unavailable elsewhere,a,I am a regular customer (shop at least once a month),b,Instagram,A few times/month,,Once a week,A few times/month,A few times/month,Once a week,a,"Yes, multiple times",5,4,4,4,4,4,1,0,0,0,0,0,0,a,Very often,d,Occasionally,0,0,0,0,0,0,1,0,0,0,1,0,0,0,1,0,0,0,0,0,
38,2026-04-23T02:02:36,b,18–25,a,Male,a,Student,,c,European (non-Lithuanian),,,h,To find ingredients for specific recipes,e,I have never heard of African Market,,,Never,Daily,Never,Daily,Daily,Once a week,,,,,,,,,,,,,,,,,,,,,,,,,,,,,,,,,,,,,,,,
39,2026-04-23T02:14:55,b,18–25,a,Male,a,Student,,,Asian,Asian,,c,Curiosity about African cuisine or culture,c,I have visited once or twice,e,Walking past the store,Rarely,Daily,Never,Daily,Daily,Several times/week,c,No,,4,4,4,4,4,0,1,0,0,0,1,0,d,Rarely,e,Never,0,0,1,0,1,0,0,1,0,0,0,0,0,0,0,0,0,0,1,0,"Physical presents must be more organized, like supermarkets"
40,2026-04-23T03:18:48,b,18–25,a,Male,a,Student,,c,European (non-Lithuanian),,,c,Curiosity about African cuisine or culture,e,I have never heard of African Market,,,Rarely,Daily,Daily,Daily,Daily,Never,,,,,,,,,,,,,,,,,,,,,,,,,,,,,,,,,,,,,,,,
41,2026-04-23T03:25:41,b,18–25,b,Female,a,Student,,c,European (non-Lithuanian),,,c,Curiosity about African cuisine or culture,c,I have visited once or twice,e,Walking past the store,Several times/week,Daily,Rarely,Daily,Daily,Daily,d,I was not aware they had a website,,3,3,2,3,4,1,1,0,0,1,0,0,d,Rarely,d,Occasionally,0,1,1,0,0,1,1,0,1,0,0,0,0,0,0,0,0,0,1,0,
42,2026-04-23T03:27:04,b,18–25,b,Female,a,Student,,c,European (non-Lithuanian),,,c,Curiosity about African cuisine or culture,c,I have visited once or twice,e,Walking past the store,Several times/week,Daily,Once a week,Daily,Daily,Never,d,I was not aware they had a website,5,2,3,3,5,3,1,0,0,0,0,0,0,c,Sometimes,d,Occasionally,0,1,1,0,0,0,1,0,1,0,0,0,0,0,0,0,0,0,1,0,
43,2026-04-23T03:29:02,b,18–25,b,Female,a,Student,,b,African,,,a,To buy specific food products unavailable elsewhere,b,I am an occasional customer (shop a few times a year),e,Walking past the store,Daily,Daily,Once a week,,Daily,Rarely,d,I was not aware they had a website,3,1,4,4,1,1,0,1,1,0,0,1,0,c,Sometimes,c,About half the time,0,0,0,1,1,0,0,1,1,0,0,0,0,1,1,0,0,0,0,0,Email marketing
44,2026-04-23T03:32:04,c,26–35,a,Male,b,Employed full-time,,b,African,,Nigeria,b,To buy cosmetics or personal care products,b,I am an occasional customer (shop a few times a year),f,Google search,Several times/week,Several times/week,Once a week,Several times/week,Several times/week,Once a week,b,"Yes, once",2,2,2,2,2,1,0,0,0,0,1,0,0,d,Rarely,c,About half the time,0,1,0,0,0,0,0,0,1,0,0,0,0,1,0,0,0,0,0,0,
45,2026-04-23T11:39:55,b,18–25,b,Female,a,Student,,c,European (non-Lithuanian),,,a,To buy specific food products unavailable elsewhere,b,I am an occasional customer (shop a few times a year),d,Friend or family recommendation,Never,Daily,Rarely,Several times/week,Daily,Never,c,No,,5,3,2,5,3,1,1,1,0,1,1,0,b,Often,c,About half the time,1,0,0,1,1,0,1,0,1,0,0,0,1,1,1,1,1,0,0,0,
46,2026-04-23T13:06:16,c,26–35,b,Female,a,Student,,b,African,,Somalia,b,To buy cosmetics or personal care products,a,I am a regular customer (shop at least once a month),d,Friend or family recommendation,A few times/month,Daily,Daily,Several times/week,Daily,Rarely,d,I was not aware they had a website,4,4,5,3,3,4,1,0,0,1,1,1,0,c,Sometimes,b,Most of the time,1,1,0,0,0,1,1,1,0,0,0,0,1,0,0,1,0,0,0,0,Make it accessible to more people my marketing themselves on social media apps people use
47,2026-04-23T14:23:53,d,36–45,a,Male,c,Employed part-time,,b,African,,Cameroon,a,To buy specific food products unavailable elsewhere,a,I am a regular customer (shop at least once a month),d,Friend or family recommendation,Daily,Several times/week,,Daily,Daily,Once a week,c,No,4,4,4,4,4,4,1,0,0,0,0,0,0,c,Sometimes,e,Never,1,0,0,0,0,0,0,0,0,1,0,0,1,0,0,0,0,0,0,0,"I suggest the vendors at the African market should engage more with their customers in briefing them on the importance of digital marketing rather than just selling the products, in this like the platform is widened. This is important to some who have no idea on the digital presence in the business thus, organic marketing plays a vital role in promoting the digital experience."
48,2026-04-23T16:26:15,c,26–35,a,Male,a,Student,,b,African,,Cameroon,a,To buy specific food products unavailable elsewhere,a,I am a regular customer (shop at least once a month),c,TikTok,,,Daily,,,,a,"Yes, multiple times",5,3,5,3,5,5,0,0,0,0,0,0,1,e,Never,b,Most of the time,0,0,1,0,0,0,0,,,,,,0,1,0,0,0,0,0,0,
49,2026-04-23T16:31:48,c,26–35,a,Male,b,Employed full-time,,b,African,,Cameroon,a,To buy specific food products unavailable elsewhere,a,I am a regular customer (shop at least once a month),e,Walking past the store,Daily,Daily,Daily,Daily,Daily,Once a week,a,"Yes, multiple times",3,3,3,3,3,3,1,0,0,0,0,0,0,a,Very often,d,Occasionally,1,0,0,0,0,0,0,1,0,0,0,0,1,0,0,0,0,0,0,0,Open minded
50,2026-04-23T17:04:05,c,26–35,a,Male,a,Student,,b,African,,Cameroon,a,To buy specific food products unavailable elsewhere,a,I am a regular customer (shop at least once a month),c,TikTok,,,Daily,,,,a,"Yes, multiple times",4,2,,,,,1,0,0,0,0,0,0,d,Rarely,e,Never,1,0,0,0,0,0,0,0,0,1,0,0,0,0,1,0,0,0,0,0,Creation of a good website
51,2026-04-23T21:09:11,c,26–35,a,Male,b,Employed full-time,,b,African,,Cameroon,a,To buy specific food products unavailable elsewhere,a,I am a regular customer (shop at least once a month),d,Friend or family recommendation,Daily,Daily,Daily,Daily,Daily,A few times/month,a,"Yes, multiple times",4,4,2,2,4,4,1,0,1,0,1,1,0,a,Very often,e,Never,1,0,1,1,0,0,1,0,0,1,0,0,1,0,0,0,0,0,0,0,Increase product catalog
52,2026-04-23T21:11:40,e,46–55,a,Male,a,Student,,b,African,,Cameroon,a,To buy specific food products unavailable elsewhere,b,I am an occasional customer (shop a few times a year),d,Friend or family recommendation,Daily,,Daily,Daily,Daily,A few times/month,c,No,,1,2,2,1,3,0,1,1,0,0,0,0,d,Rarely,e,Never,1,0,0,1,0,0,0,1,0,1,0,0,1,0,0,0,1,0,0,0,
53,2026-04-23T21:28:18,b,18–25,a,Male,a,Student,,b,African,,Cameroon,a,To buy specific food products unavailable elsewhere,a,I am a regular customer (shop at least once a month),d,Friend or family recommendation,,Daily,Daily,Several times/week,Daily,Once a week,a,"Yes, multiple times",5,5,4,4,5,5,0,1,1,0,0,0,0,a,Very often,b,Most of the time,1,1,0,1,0,0,0,0,0,1,0,0,0,0,0,0,0,0,1,0,Add discounts
54,2026-04-23T21:28:30,c,26–35,a,Male,a,Student,,b,African,,Cameroon,a,To buy specific food products unavailable elsewhere,a,I am a regular customer (shop at least once a month),g,Online advertisement,Rarely,Rarely,Rarely,Rarely,Rarely,Several times/week,a,"Yes, multiple times",5,4,5,5,5,5,0,0,0,1,0,1,0,a,Very often,a,Always,1,0,0,0,0,0,0,1,0,0,0,0,0,1,0,0,0,0,0,0,Price
55,2026-04-23T22:17:38,c,26–35,b,Female,a,Student,,b,African,,Cameroon,h,To find ingredients for specific recipes,a,I am a regular customer (shop at least once a month),d,Friend or family recommendation,Daily,Once a week,Several times/week,Daily,Daily,Several times/week,a,"Yes, multiple times",5,4,1,3,5,3,0,0,0,0,0,0,1,d,Rarely,c,About half the time,1,0,1,0,0,0,1,0,1,0,1,0,0,0,1,0,0,0,0,0,They have to reduce the delivery time.
56,2026-04-23T23:01:17,c,26–35,a,Male,a,Student,,b,African,,,g,Cultural connection or nostalgia,a,I am a regular customer (shop at least once a month),d,Friend or family recommendation,Several times/week,Several times/week,Daily,Daily,Daily,Several times/week,c,No,1,3,3,3,3,3,0,0,1,0,0,0,0,a,Very often,e,Never,1,0,0,1,0,0,1,0,0,1,0,0,0,1,0,0,0,0,0,0,They know best
57,2026-04-23T23:08:52,c,26–35,b,Female,a,Student,,b,African,,Cameroon,g,Cultural connection or nostalgia,b,I am an occasional customer (shop a few times a year),g,Online advertisement,Daily,Several times/week,Daily,Several times/week,Daily,Once a week,a,"Yes, multiple times",4,1,2,1,2,1,1,0,0,0,0,0,0,b,Often,b,Most of the time,0,0,0,1,0,0,0,0,0,0,1,0,0,0,0,0,0,0,1,0,Create more contents for customers to stay updated on products and discounts
58,2026-04-23T23:59:04,c,26–35,a,Male,a,Student,,b,African,,Cameroon,a,To buy specific food products unavailable elsewhere,c,I have visited once or twice,e,Walking past the store,Several times/week,A few times/month,Several times/week,Several times/week,Daily,Rarely,c,No,4,5,1,1,4,4,1,0,0,0,0,0,0,d,Rarely,e,Never,1,0,0,0,0,0,0,0,0,1,0,0,0,0,0,0,0,0,1,0,Recognition
59,2026-04-24T20:00:02,c,26–35,a,Male,e,Unemployed,,a,Lithuanian,,,c,Curiosity about African cuisine or culture,d,I have heard of it but never visited,a,Facebook,Rarely,Never,Never,Rarely,,Never,d,I was not aware they had a website,,,,,,,1,0,0,0,1,0,0,e,Never,d,Occasionally,0,1,0,0,0,0,0,0,0,0,0,1,0,1,0,0,0,0,0,1,
60,2026-04-24T20:00:19,c,26–35,a,Male,d,Self-employed,,a,Lithuanian,,,c,Curiosity about African cuisine or culture,c,I have visited once or twice,f,Google search,Daily,Daily,Never,Daily,Daily,Several times/week,c,No,,,,,,,0,0,0,0,0,0,1,d,Rarely,e,Never,,,,,,,,0,0,0,0,1,0,0,0,0,0,0,1,0,
61,2026-04-24T20:13:39,c,26–35,b,Female,b,Employed full-time,,c,European (non-Lithuanian),,,c,Curiosity about African cuisine or culture,e,I have never heard of African Market,,,Daily,Daily,Daily,Several times/week,Daily,Never,,,,,,,,,,,,,,,,,,,,,,,,,,,,,,,,,,,,,,,,
62,2026-04-24T20:16:29,c,26–35,a,Male,b,Employed full-time,,a,Lithuanian,,,c,Curiosity about African cuisine or culture,e,I have never heard of African Market,,,Daily,Several times/week,Daily,,Rarely,Never,,,,,,,,,,,,,,,,,,,,,,,,,,,,,,,,,,,,,,,,
63,2026-04-24T20:19:32,f,Over 55,b,Female,f,Retired,,c,European (non-Lithuanian),,,c,Curiosity about African cuisine or culture,c,I have visited once or twice,a,Facebook,Daily,Daily,A few times/month,Several times/week,Daily,A few times/month,c,No,3,3,4,4,4,4,1,0,0,0,0,0,0,a,Very often,c,About half the time,0,0,0,0,0,1,0,0,0,0,0,1,0,0,0,0,0,1,0,0,Inclusivity
64,2026-04-24T20:20:11,d,36–45,a,Male,d,Self-employed,,a,Lithuanian,,,c,Curiosity about African cuisine or culture,c,I have visited once or twice,d,Friend or family recommendation,Daily,Never,Daily,Daily,Several times/week,Never,c,No,5,3,4,2,3,2,0,1,0,0,0,0,0,c,Sometimes,c,About half the time,1,0,0,0,0,0,0,1,0,0,0,0,0,0,0,0,1,0,0,0,Have a very attracting website with a category filter and recipes of dishes that include products sold at the store.
65,2026-04-24T20:22:41,b,18–25,a,Male,b,Employed full-time,,,Asian,Indian,,h,To find ingredients for specific recipes,d,I have heard of it but never visited,a,Facebook,Daily,Daily,Once a week,Daily,Several times/week,Once a week,d,I was not aware they had a website,3,2,1,2,4,4,1,0,0,0,0,0,0,d,Rarely,d,Occasionally,1,0,0,1,1,0,0,0,0,1,0,0,,,,,,,,,
66,2026-04-24T20:40:02,c,26–35,a,Male,a,Student,,b,African,,Nigeria,c,Curiosity about African cuisine or culture,a,I am a regular customer (shop at least once a month),d,Friend or family recommendation,Daily,Daily,Daily,A few times/month,Daily,Daily,d,I was not aware they had a website,5,5,5,5,5,5,1,0,1,1,1,1,0,a,Very often,b,Most of the time,1,1,1,1,1,1,1,0,0,1,0,0,1,0,0,0,0,0,1,0,
67,2026-04-24T20:50:46,c,26–35,b,Female,b,Employed full-time,,c,European (non-Lithuanian),,,c,Curiosity about African cuisine or culture,d,I have heard of it but never visited,e,Walking past the store,Daily,Daily,Daily,Daily,Daily,Once a week,d,I was not aware they had a website,,,,,,,0,0,1,1,0,1,0,c,Sometimes,d,Occasionally,1,0,1,0,0,0,1,1,0,0,0,0,,,,,,,,,
68,2026-04-24T21:22:05,e,46–55,c,Other,d,Self-employed,,c,European (non-Lithuanian),,,c,Curiosity about African cuisine or culture,d,I have heard of it but never visited,e,Walking past the store,Daily,Several times/week,Never,Never,,Several times/week,c,No,,3,1,1,3,2,0,0,0,0,0,0,1,e,Never,d,Occasionally,1,1,0,1,0,1,1,1,0,0,0,0,,,,,,,,,
69,2026-04-24T21:22:35,f,Over 55,a,Male,e,Unemployed,,,Middle Eastern,Middle Eastern,,h,To find ingredients for specific recipes,e,I have never heard of African Market,,,Daily,Several times/week,Daily,Daily,Daily,Never,,,,,,,,,,,,,,,,,,,,,,,,,,,,,,,,,,,,,,,,
70,2026-04-24T23:20:57,b,18–25,b,Female,b,Employed full-time,,a,Lithuanian,,,a,To buy specific food products unavailable elsewhere,b,I am an occasional customer (shop a few times a year),e,Walking past the store,Daily,Daily,Never,Several times/week,Once a week,Never,c,No,,2,2,2,2,2,1,0,0,0,0,0,0,c,Sometimes,e,Never,0,1,1,0,0,0,1,1,1,0,0,0,1,0,0,0,0,0,0,0,
71,2026-04-25T00:46:49,c,26–35,b,Female,b,Employed full-time,,a,Lithuanian,,,a,To buy specific food products unavailable elsewhere,c,I have visited once or twice,b,Instagram,Daily,Daily,Daily,Daily,Daily,A few times/month,c,No,4,4,2,2,3,3,0,0,1,1,0,1,0,d,Rarely,e,Never,0,1,0,1,0,0,0,1,0,0,0,0,0,0,0,0,0,0,1,0,
72,2026-04-25T01:26:26,d,36–45,b,Female,d,Self-employed,,,Asian,Japanese,,c,Curiosity about African cuisine or culture,d,I have heard of it but never visited,g,Online advertisement,Daily,,,,Daily,,d,I was not aware they had a website,,3,3,2,3,3,0,1,0,0,0,0,0,e,Never,e,Never,0,0,1,0,0,0,0,1,0,0,0,0,0,0,0,0,0,0,1,0,
73,2026-04-25T02:32:41,d,36–45,b,Female,d,Self-employed,,a,Lithuanian,,,a,To buy specific food products unavailable elsewhere,c,I have visited once or twice,a,Facebook,Daily,Never,Never,Daily,Once a week,Never,d,I was not aware they had a website,,,,,1,,0,0,1,0,0,0,0,e,Never,d,Occasionally,0,1,1,0,0,0,1,1,0,0,0,0,1,0,0,0,0,0,0,0,
74,2026-04-25T03:05:29,d,36–45,b,Female,c,Employed part-time,,c,European (non-Lithuanian),,,c,Curiosity about African cuisine or culture,b,I am an occasional customer (shop a few times a year),a,Facebook,Daily,Daily,Rarely,Several times/week,Daily,Several times/week,b,"Yes, once",4,4,3,3,3,3,0,1,0,0,1,0,0,c,Sometimes,d,Occasionally,1,0,1,0,0,0,0,1,0,0,0,0,0,0,0,0,0,0,1,0,Can be more advertising in groups
75,2026-04-25T03:06:10,b,18–25,b,Female,a,Student,,,Middle Eastern,Turkish,,h,To find ingredients for specific recipes,d,I have heard of it but never visited,d,Friend or family recommendation,Several times/week,Daily,Never,Daily,Daily,Never,c,No,,,,,,,,,,,,,,c,Sometimes,d,Occasionally,0,0,1,0,0,0,0,1,1,0,0,0,,,,,,,,,
76,2026-04-25T03:12:20,f,Over 55,a,Male,f,Retired,,c,European (non-Lithuanian),,,a,To buy specific food products unavailable elsewhere,e,I have never heard of African Market,,,Daily,Several times/week,Rarely,Several times/week,Daily,Once a week,,,,,,,,,,,,,,,,,,,,,,,,,,,,,,,,,,,,,,,,
77,2026-04-25T04:07:26,c,26–35,a,Male,d,Self-employed,,b,African,,Nigeria,a,To buy specific food products unavailable elsewhere,a,I am a regular customer (shop at least once a month),a,Facebook,Once a week,Rarely,Several times/week,Several times/week,Daily,Daily,b,"Yes, once",4,2,2,2,1,2,0,1,0,0,0,0,0,c,Sometimes,d,Occasionally,1,0,0,0,0,0,0,1,0,0,0,0,0,0,0,1,0,1,0,0,
78,2026-04-25T13:42:01,c,26–35,b,Female,a,Student,,,Asian,Asian,,a,To buy specific food products unavailable elsewhere,e,I have never heard of African Market,,,Daily,Daily,Never,Once a week,Daily,Never,,,,,,,,,,,,,,,,,,,,,,,,,,,,,,,,,,,,,,,,
79,2026-04-25T15:34:01,c,26–35,b,Female,d,Self-employed,,a,Lithuanian,,,a,To buy specific food products unavailable elsewhere,b,I am an occasional customer (shop a few times a year),d,Friend or family recommendation,Daily,Daily,Daily,Daily,Daily,Several times/week,b,"Yes, once",4,5,4,4,5,4,0,1,1,0,1,0,0,d,Rarely,d,Occasionally,1,1,1,1,1,0,1,0,1,1,1,0,1,0,0,0,0,1,0,0,Always available to attend to customers enquiries
80,2026-04-25T16:01:40,b,18–25,a,Male,a,Student,,c,European (non-Lithuanian),,,c,Curiosity about African cuisine or culture,e,I have never heard of African Market,,,Rarely,Daily,Daily,Daily,Daily,Never,,,,,,,,,,,,,,,,,,,,,,,,,,,,,,,,,,,,,,,,
81,2026-04-25T16:06:37,b,18–25,a,Male,a,Student,,,Asian,Asian Pakistani,,,I dont have any interest in general,e,I have never heard of African Market,,,Rarely,Daily,Never,Daily,Daily,Rarely,,,,,,,,,,,,,,,,,,,,,,,,,,,,,,,,,,,,,,,,
82,2026-04-25T16:37:07,c,26–35,b,Female,b,Employed full-time,,a,Lithuanian,,,c,Curiosity about African cuisine or culture,e,I have never heard of African Market,,,Daily,Several times/week,Never,Rarely,Daily,Never,,,,,,,,,,,,,,,,,,,,,,,,,,,,,,,,,,,,,,,,
83,2026-04-25T16:57:00,d,36–45,a,Male,b,Employed full-time,,c,European (non-Lithuanian),,,c,Curiosity about African cuisine or culture,e,I have never heard of African Market,,,Daily,Never,Never,Never,Several times/week,Never,,,,,,,,,,,,,,,,,,,,,,,,,,,,,,,,,,,,,,,,
84,2026-04-25T19:22:30,c,26–35,b,Female,b,Employed full-time,,c,European (non-Lithuanian),,,c,Curiosity about African cuisine or culture,d,I have heard of it but never visited,a,Facebook,Daily,Daily,A few times/month,Several times/week,Rarely,Never,c,No,,,,,,,,,,,,,,,,,,,,,,,,,,,,,,,,,,,,,,
85,2026-04-25T20:31:09,e,46–55,b,Female,e,Unemployed,,a,Lithuanian,,,h,To find ingredients for specific recipes,e,I have never heard of African Market,,,Daily,Several times/week,Once a week,Daily,Several times/week,Daily,,,,,,,,,,,,,,,,,,,,,,,,,,,,,,,,,,,,,,,,
86,2026-04-25T22:27:53,c,26–35,b,Female,b,Employed full-time,,,Middle Eastern,Arab,,a,To buy specific food products unavailable elsewhere,c,I have visited once or twice,b,Instagram,Daily,Daily,Never,Several times/week,Several times/week,Never,b,"Yes, once",3,3,3,3,3,3,0,0,0,0,0,1,0,c,Sometimes,d,Occasionally,1,0,0,1,0,1,1,0,0,0,0,1,0,0,0,0,1,0,0,0,
87,2026-04-26T05:59:56,b,18–25,a,Male,b,Employed full-time,,b,African,,Côte d'Ivoire,a,To buy specific food products unavailable elsewhere,a,I am a regular customer (shop at least once a month),e,Walking past the store,Several times/week,Daily,Daily,Several times/week,Daily,Never,a,"Yes, multiple times",4,5,3,4,4,3,0,1,0,0,0,0,0,b,Often,c,About half the time,1,1,0,0,1,0,0,1,1,0,0,0,1,1,0,0,0,0,0,0,More content videos about specific dishes
88,2026-04-26T14:18:14,b,18–25,a,Male,b,Employed full-time,,c,European (non-Lithuanian),,,d,Recommendation from friends or family,e,I have never heard of African Market,,,Once a week,Daily,Never,Daily,A few times/month,Daily,,,,,,,,,,,,,,,,,,,,,,,,,,,,,,,,,,,,,,,,
89,2026-04-26T15:39:33,b,18–25,a,Male,a,Student,,,Asian,Asian Pakistan,,d,Recommendation from friends or family,e,I have never heard of African Market,,,Rarely,Daily,Never,Daily,Daily,Never,,,,,,,,,,,,,,,,,,,,,,,,,,,,,,,,,,,,,,,,
90,2026-04-26T21:49:32,b,18–25,b,Female,a,Student,,,Asian,Indian,,c,Curiosity about African cuisine or culture,b,I am an occasional customer (shop a few times a year),e,Walking past the store,Daily,Daily,,Daily,Daily,,b,"Yes, once",4,5,5,4,5,5,1,1,0,1,0,0,0,c,Sometimes,c,About half the time,0,1,1,1,0,0,0,1,0,0,0,0,0,0,0,0,0,0,1,0,"I think everything is okay but it should be more attractive like Amazon and all, their website presentation is very good which motivates customer to buy product. So you need to focus on website building making it look eye-catching"
91,2026-04-27T04:16:50,c,26–35,a,Male,a,Student,,b,African,,Nigeria,g,Cultural connection or nostalgia,a,I am a regular customer (shop at least once a month),f,Google search,Daily,Daily,Once a week,Daily,Daily,Several times/week,a,"Yes, multiple times",2,3,1,3,5,1,1,0,0,0,0,1,0,c,Sometimes,d,Occasionally,1,0,0,1,0,0,1,1,0,0,0,0,0,1,0,1,0,0,0,0,Update the out of stock products on the website. It's frustrating to see it available on website but in reality not available
92,2026-04-27T04:24:53,b,18–25,b,Female,,Student + Working,Studying and working,b,African,,Nigeria,b,To buy cosmetics or personal care products,a,I am a regular customer (shop at least once a month),d,Friend or family recommendation,Daily,Daily,Daily,Once a week,Daily,A few times/month,b,"Yes, once",3,2,3,2,5,1,1,1,0,0,1,0,0,a,Very often,c,About half the time,1,0,1,0,0,1,0,1,0,1,0,0,1,1,0,0,0,0,0,0,"The website is terrible. The WhatsApp group has too many irrelevant messages, the admin should regulate the WhatsApp groupchat. Many people post irrelevant things there"
93,2026-04-27T05:20:39,b,18–25,b,Female,b,Employed full-time,,b,African,,Ghana,a,To buy specific food products unavailable elsewhere,b,I am an occasional customer (shop a few times a year),d,Friend or family recommendation,Never,Daily,Daily,Several times/week,Daily,Never,c,No,,4,5,2,2,4,0,1,0,0,1,0,0,b,Often,e,Never,0,1,1,0,1,1,0,1,0,0,0,0,0,0,0,0,0,0,1,0,
94,2026-04-27T12:08:06,e,46–55,b,Female,b,Employed full-time,,a,Lithuanian,,,,Not interesting,d,I have heard of it but never visited,e,Walking past the store,Daily,Several times/week,Never,Once a week,Daily,Daily,c,No,,3,3,3,3,3,0,0,0,0,0,0,1,d,Rarely,e,Never,,,,,,,,0,0,0,0,1,0,0,0,0,0,0,0,1,
95,2026-04-27T15:47:45,b,18–25,a,Male,a,Student,,b,African,,Nigeria,a,To buy specific food products unavailable elsewhere,d,I have heard of it but never visited,d,Friend or family recommendation,Rarely,Several times/week,Rarely,Daily,Several times/week,Never,d,I was not aware they had a website,,3,3,4,3,5,0,1,0,1,1,0,0,d,Rarely,e,Never,0,1,0,0,1,1,0,1,0,0,0,0,0,0,0,0,0,0,0,1,
96,2026-04-27T15:56:53,b,18–25,a,Male,a,Student,,,Asian,Asian,,c,Curiosity about African cuisine or culture,d,I have heard of it but never visited,e,Walking past the store,Daily,Daily,A few times/month,Daily,Daily,A few times/month,b,"Yes, once",3,,,,,1,0,1,0,0,0,0,0,c,Sometimes,c,About half the time,0,0,0,0,1,0,0,0,0,1,0,0,0,1,0,0,0,0,0,0,
97,2026-04-27T17:06:08,b,18–25,a,Male,a,Student,,b,African,,Algeria,d,Recommendation from friends or family,c,I have visited once or twice,h,Other: ___,Daily,Several times/week,Never,A few times/month,Daily,A few times/month,a,"Yes, multiple times",5,5,1,1,3,1,0,0,0,0,0,0,1,d,Rarely,d,Occasionally,0,0,1,0,0,0,0,0,0,0,0,1,0,1,0,0,0,0,0,0,
98,2026-04-27T21:32:11,c,26–35,b,Female,d,Self-employed,,a,Lithuanian,,,c,Curiosity about African cuisine or culture,d,I have heard of it but never visited,a,Facebook,Daily,Daily,Daily,Daily,Never,Several times/week,d,I was not aware they had a website,,3,5,3,2,3,0,1,1,0,1,1,0,e,Never,b,Most of the time,1,1,0,0,0,0,1,1,0,0,0,0,1,0,1,1,1,0,0,0,
99,2026-04-27T21:35:25,c,26–35,a,Male,b,Employed full-time,,c,European (non-Lithuanian),,,d,Recommendation from friends or family,b,I am an occasional customer (shop a few times a year),,,Once a week,Daily,,Once a week,Daily,Once a week,b,"Yes, once",2,2,2,2,2,2,0,1,0,0,0,0,0,d,Rarely,c,About half the time,0,0,1,0,0,0,0,0,0,0,0,1,0,0,0,0,0,1,0,0,
100,2026-04-28T00:04:04,b,18–25,b,Female,a,Student,,a,Lithuanian,,,c,Curiosity about African cuisine or culture,d,I have heard of it but never visited,a,Facebook,Several times/week,Daily,Never,Daily,A few times/month,Daily,c,No,,,,,,,0,1,1,0,0,0,0,c,Sometimes,c,About half the time,1,1,0,0,0,0,0,0,1,0,0,0,0,0,1,0,1,1,0,0,
101,2026-04-28T01:51:33,b,18–25,a,Male,a,Student,,a,Lithuanian,,,a,To buy specific food products unavailable elsewhere,e,I have never heard of African Market,,,Once a week,Several times/week,Daily,Daily,Never,Rarely,,,,,,,,,,,,,,,,,,,,,,,,,,,,,,,,,,,,,,,,
102,2026-04-28T06:59:11,b,18–25,b,Female,b,Employed full-time,,b,African,,South Africa,b,To buy cosmetics or personal care products,b,I am an occasional customer (shop a few times a year),a,Facebook,Daily,Daily,Daily,Daily,,Never,a,"Yes, multiple times",5,4,4,2,4,4,1,0,0,1,1,0,0,b,Often,b,Most of the time,0,1,1,1,0,1,1,1,0,0,0,1,0,0,1,0,0,0,0,0,
103,2026-04-29T01:17:18,b,18–25,a,Male,a,Student,,,Middle Eastern,Turkish,,g,Cultural connection or nostalgia,d,I have heard of it but never visited,e,Walking past the store,Daily,Daily,Never,Daily,Daily,Rarely,c,No,,2,1,1,1,1,0,0,0,0,0,0,1,d,Rarely,d,Occasionally,1,0,1,1,0,0,0,0,0,0,0,1,0,0,0,0,0,0,1,0,
104,2026-04-29T01:45:45,b,18–25,b,Female,a,Student,,b,African,,Nigeria,a,To buy specific food products unavailable elsewhere,c,I have visited once or twice,d,Friend or family recommendation,Never,Daily,A few times/month,Several times/week,Once a week,Never,d,I was not aware they had a website,,3,1,1,4,1,1,0,0,0,1,1,0,e,Never,d,Occasionally,0,0,0,1,1,0,0,0,0,0,0,1,0,0,0,0,0,0,1,0,
105,2026-04-30T21:01:30,c,26–35,a,Male,a,Student,,b,African,,Algeria,a,To buy specific food products unavailable elsewhere,a,I am a regular customer (shop at least once a month),b,Instagram,Once a week,Several times/week,Once a week,Daily,Daily,A few times/month,c,No,3,2,2,2,2,2,0,1,0,1,0,0,0,c,Sometimes,c,About half the time,0,0,0,0,1,0,0,0,1,0,0,0,1,0,0,0,0,0,0,0,
106,2026-05-01T23:01:24,c,26–35,b,Female,a,Student,,b,African,,Cameroon,g,Cultural connection or nostalgia,a,I am a regular customer (shop at least once a month),b,Instagram,Daily,Daily,Daily,A few times/month,Daily,A few times/month,a,"Yes, multiple times",5,5,2,3,5,5,0,1,0,0,0,0,0,c,Sometimes,c,About half the time,1,0,0,0,0,0,0,1,0,1,1,0,0,0,0,0,0,0,1,0,Marketing
107,2026-05-01T23:28:28,b,18–25,b,Female,c,Employed part-time,,b,African,,Nigeria,d,Recommendation from friends or family,b,I am an occasional customer (shop a few times a year),d,Friend or family recommendation,,Several times/week,,Daily,Daily,,c,No,3,3,3,4,2,,0,1,0,1,0,1,0,d,Rarely,c,About half the time,0,1,1,0,1,1,0,0,1,0,0,0,0,0,0,0,0,0,1,0,
108,2026-05-01T23:55:23,c,26–35,a,Male,b,Employed full-time,,a,Lithuanian,,,c,Curiosity about African cuisine or culture,b,I am an occasional customer (shop a few times a year),c,TikTok,Several times/week,Once a week,Daily,Several times/week,Daily,Once a week,c,No,1,5,3,1,4,1,0,0,0,0,0,0,1,d,Rarely,c,About half the time,0,0,1,0,0,0,0,,,,,,0,0,0,0,0,0,1,0,More content
109,2026-05-02T01:04:24,d,36–45,a,Male,b,Employed full-time,,b,African,,Nigeria,a,To buy specific food products unavailable elsewhere,a,I am a regular customer (shop at least once a month),d,Friend or family recommendation,Daily,Once a week,,,Daily,,c,No,5,3,3,3,3,3,0,0,0,0,0,0,1,b,Often,d,Occasionally,0,0,0,0,1,0,0,0,0,1,1,0,0,1,0,0,0,0,0,0,
110,2026-05-02T01:46:48,c,26–35,b,Female,b,Employed full-time,,b,African,,Nigeria,a,To buy specific food products unavailable elsewhere,a,I am a regular customer (shop at least once a month),g,Online advertisement,Daily,Daily,Once a week,Daily,Daily,Once a week,a,"Yes, multiple times",5,1,1,1,1,1,1,0,0,0,0,0,0,a,Very often,d,Occasionally,1,1,0,1,0,0,0,1,0,1,0,0,0,0,0,0,0,0,1,0,More discounts and promotion
111,2026-05-04T13:41:35,c,26–35,b,Female,a,Student,,b,African,,Ghana,a,To buy specific food products unavailable elsewhere,a,I am a regular customer (shop at least once a month),d,Friend or family recommendation,Daily,Daily,Several times/week,Once a week,Daily,Rarely,a,"Yes, multiple times",2,3,3,2,4,2,1,1,0,0,1,0,0,b,Often,e,Never,1,0,1,1,1,0,1,0,0,1,0,0,1,0,0,1,0,0,0,0,Post more culturally motivated content
112,2026-05-05T01:02:52,d,36–45,a,Male,e,Unemployed,,b,African,,Republic of the Congo,h,To find ingredients for specific recipes,b,I am an occasional customer (shop a few times a year),f,Google search,Several times/week,Daily,Once a week,Several times/week,Daily,Several times/week,b,"Yes, once",3,4,4,3,2,2,1,0,0,1,1,0,0,a,Very often,d,Occasionally,1,0,1,0,1,0,0,1,0,0,0,0,0,0,0,1,0,0,0,0,Website
113,2026-05-06T01:43:02,b,18–25,b,Female,,Student + Working,Studying and working,,European (non-Lithuanian),Ukrainian,,a,To buy specific food products unavailable elsewhere,e,I have never heard of African Market,,,Daily,Daily,Daily,Several times/week,Several times/week,Several times/week,,,,,,,,,,,,,,,,,,,,,,,,,,,,,,,,,,,,,,,,
114,2026-05-06T01:47:10,b,18–25,a,Male,a,Student,,c,European (non-Lithuanian),,,h,To find ingredients for specific recipes,e,I have never heard of African Market,,,Several times/week,Several times/week,Daily,Once a week,Several times/week,A few times/month,,,,,,,,,,,,,,,,,,,,,,,,,,,,,,,,,,,,,,,,
115,2026-05-06T12:27:41,c,26–35,a,Male,a,Student,,b,African,,Nigeria,g,Cultural connection or nostalgia,b,I am an occasional customer (shop a few times a year),e,Walking past the store,Daily,Daily,Once a week,Daily,Daily,Daily,b,"Yes, once",3,2,2,1,3,2,1,0,0,0,1,0,0,a,Very often,e,Never,1,0,1,0,0,0,1,0,0,0,0,1,1,0,0,0,0,0,0,0,General improvement
116,2026-05-07T15:05:48,b,18–25,b,Female,a,Student,,a,Lithuanian,,,c,Curiosity about African cuisine or culture,e,I have never heard of African Market,,,Daily,Daily,Daily,A few times/month,Rarely,Several times/week,,,,,,,,,,,,,,,,,,,,,,,,,,,,,,,,,,,,,,,,
117,2026-05-07T15:09:26,c,26–35,a,Male,b,Employed full-time,,b,African,,Kenya,g,Cultural connection or nostalgia,c,I have visited once or twice,g,Online advertisement,Several times/week,Daily,Several times/week,Several times/week,Daily,Daily,b,"Yes, once",4,2,2,2,3,2,1,0,0,0,0,1,0,a,Very often,e,Never,0,1,1,0,0,0,1,1,0,0,0,0,1,0,0,1,0,0,0,0,Website and Social media improvement
118,2026-05-07T15:14:07,c,26–35,a,Male,d,Self-employed,,,Asian,Indian,,d,Recommendation from friends or family,d,I have heard of it but never visited,h,Other: ___,Daily,Several times/week,Several times/week,Daily,Daily,Daily,c,No,,2,2,2,2,2,1,0,0,0,0,0,0,b,Often,d,Occasionally,0,0,0,0,0,0,1,0,0,0,0,1,0,0,0,0,0,0,1,0,Add some Indian spices to collections
119,2026-05-07T15:15:29,b,18–25,b,Female,a,Student,,c,European (non-Lithuanian),,,f,Affordable prices compared to alternatives,e,I have never heard of African Market,,,Daily,Daily,Daily,Several times/week,Several times/week,Several times/week,,,,,,,,,,,,,,,,,,,,,,,,,,,,,,,,,,,,,,,,
120,2026-05-07T15:21:47,c,26–35,b,Female,b,Employed full-time,,b,African,,Cameroon,b,To buy cosmetics or personal care products,a,I am a regular customer (shop at least once a month),d,Friend or family recommendation,Once a week,Once a week,Daily,A few times/month,Daily,Never,a,"Yes, multiple times",3,5,3,2,5,5,1,1,1,1,0,1,0,b,Often,d,Occasionally,1,0,1,0,0,0,0,0,1,0,0,0,1,1,0,0,0,0,0,0,Post more contents
121,2026-05-07T15:27:12,c,26–35,b,Female,,Student + Working,Studying and working,b,African,,Côte d'Ivoire,b,To buy cosmetics or personal care products,a,I am a regular customer (shop at least once a month),d,Friend or family recommendation,Daily,Daily,Daily,Once a week,Daily,Rarely,b,"Yes, once",3,3,3,3,3,3,0,1,0,1,0,0,0,a,Very often,d,Occasionally,0,0,0,0,0,1,0,1,0,1,0,0,1,0,0,0,0,0,0,0,Delivery should be more efficient
122,2026-05-07T15:30:58,b,18–25,a,Male,a,Student,,b,African,,Nigeria,a,To buy specific food products unavailable elsewhere,a,I am a regular customer (shop at least once a month),d,Friend or family recommendation,Several times/week,Daily,Daily,A few times/month,Daily,Several times/week,a,"Yes, multiple times",3,3,1,1,4,1,0,0,0,0,0,0,1,c,Sometimes,e,Never,0,0,1,0,0,0,0,0,0,0,0,1,0,0,0,0,0,0,0,1,Open on Sundays
123,2026-05-07T15:35:19,c,26–35,a,Male,c,Employed part-time,,b,African,,South Sudan,g,Cultural connection or nostalgia,c,I have visited once or twice,d,Friend or family recommendation,Several times/week,Daily,Once a week,Once a week,Several times/week,Once a week,c,No,,3,3,1,2,2,1,0,0,0,0,1,0,d,Rarely,e,Never,1,1,1,1,0,1,1,0,1,0,0,0,0,0,1,0,0,0,0,0,I think they know what to do
124,2026-05-08T14:36:26,b,18–25,a,Male,a,Student,,b,African,,Morocco,h,To find ingredients for specific recipes,d,I have heard of it but never visited,d,Friend or family recommendation,Several times/week,Daily,Once a week,Daily,Several times/week,Daily,c,No,,2,3,2,1,1,0,1,0,1,0,0,0,d,Rarely,d,Occasionally,0,0,1,0,0,0,0,0,0,1,0,0,0,0,0,0,0,0,1,0,Adverts
125,2026-05-08T14:41:41,c,26–35,a,Male,e,Unemployed,,b,African,,Morocco,g,Cultural connection or nostalgia,d,I have heard of it but never visited,f,Google search,Daily,Daily,Several times/week,Several times/week,Daily,Rarely,d,I was not aware they had a website,,4,3,4,4,4,1,1,1,0,1,0,0,b,Often,e,Never,1,1,1,1,1,1,1,1,0,0,0,0,0,0,0,0,0,0,1,0,Brand awareness
126,2026-05-09T05:34:20,b,18–25,b,Female,a,Student,,b,African,,Nigeria,e,Convenience of location,a,I am a regular customer (shop at least once a month),a,Facebook,Daily,Daily,Daily,Once a week,Daily,Rarely,a,"Yes, multiple times",1,2,3,3,3,1,1,0,1,0,1,1,0,b,Often,d,Occasionally,1,1,0,1,0,1,0,1,1,1,0,0,1,0,0,0,0,0,0,0,Delivery
127,2026-05-09T05:45:14,c,26–35,b,Female,b,Employed full-time,,b,African,,Cameroon,a,To buy specific food products unavailable elsewhere,a,I am a regular customer (shop at least once a month),d,Friend or family recommendation,Daily,Several times/week,Several times/week,Once a week,Daily,A few times/month,a,"Yes, multiple times",3,5,5,3,5,5,1,0,0,0,0,0,0,b,Often,e,Never,1,0,1,0,0,0,1,1,0,1,1,0,1,1,0,1,0,0,0,0,The website
128,2026-05-09T05:49:03,d,36–45,a,Male,b,Employed full-time,,b,African,,Guinea-Bissau,d,Recommendation from friends or family,a,I am a regular customer (shop at least once a month),d,Friend or family recommendation,Once a week,Once a week,A few times/month,Several times/week,Daily,Once a week,a,"Yes, multiple times",1,4,4,3,4,4,1,1,0,0,0,0,0,c,Sometimes,e,Never,0,0,1,0,0,0,1,0,0,0,0,1,0,1,0,1,0,0,0,0,Response is slow sometimes they don't respond to messages on time
129,2026-05-09T05:51:02,c,26–35,a,Male,e,Unemployed,,a,Lithuanian,,,h,To find ingredients for specific recipes,e,I have never heard of African Market,,,Daily,Daily,Daily,Daily,Several times/week,Daily,,,,,,,,,,,,,,,,,,,,,,,,,,,,,,,,,,,,,,,,
130,2026-05-09T05:51:58,b,18–25,b,Female,a,Student,,c,European (non-Lithuanian),,,h,To find ingredients for specific recipes,e,I have never heard of African Market,,,Daily,Daily,Daily,Several times/week,A few times/month,Several times/week,,,,,,,,,,,,,,,,,,,,,,,,,,,,,,,,,,,,,,,,
131,2026-05-09T05:53:06,c,26–35,d,Prefer not to say,e,Unemployed,,c,European (non-Lithuanian),,,c,Curiosity about African cuisine or culture,e,I have never heard of African Market,,,Several times/week,Daily,Daily,Daily,Several times/week,Daily,,,,,,,,,,,,,,,,,,,,,,,,,,,,,,,,,,,,,,,,
132,2026-05-09T05:57:03,b,18–25,b,Female,,Student + Working,Student and working,b,African,,Nigeria,a,To buy specific food products unavailable elsewhere,a,I am a regular customer (shop at least once a month),f,Google search,Several times/week,Daily,Several times/week,Once a week,Daily,Rarely,b,"Yes, once",3,4,4,2,3,5,1,0,0,1,0,1,0,c,Sometimes,d,Occasionally,0,1,1,1,0,0,1,1,0,1,0,0,1,1,0,0,0,0,0,0,Update weekly opening and closing hours on the website
133,2026-05-09T06:01:57,c,26–35,b,Female,b,Employed full-time,,b,African,,Cameroon; Côte d'Ivoire,d,Recommendation from friends or family,b,I am an occasional customer (shop a few times a year),d,Friend or family recommendation,Several times/week,Daily,Daily,Several times/week,Several times/week,Once a week,a,"Yes, multiple times",2,3,5,5,5,2,0,0,0,0,0,0,1,a,Very often,e,Never,0,1,1,0,0,0,0,1,0,1,0,0,0,1,0,1,0,0,0,0,Very limited stock on the website compared to what is sold at the store. Add more items
134,2026-05-10T05:03:12,d,36–45,a,Male,c,Employed part-time,,c,European (non-Lithuanian),,,d,Recommendation from friends or family,e,I have never heard of African Market,,,Daily,Once a week,A few times/month,Once a week,Several times/week,Rarely,,,,,,,,,,,,,,,,,,,,,,,,,,,,,,,,,,,,,,,,
135,2026-05-10T05:06:06,b,18–25,b,Female,a,Student,,b,African,,Morocco,h,To find ingredients for specific recipes,c,I have visited once or twice,d,Friend or family recommendation,Several times/week,Several times/week,Several times/week,Several times/week,Several times/week,Once a week,d,I was not aware they had a website,,2,4,4,4,3,1,1,1,1,1,1,0,d,Rarely,e,Never,0,0,0,1,0,0,0,0,0,0,0,1,0,0,0,0,0,0,1,0,Nothing comes to mind
136,2026-05-10T05:10:42,b,18–25,a,Male,a,Student,,b,African,,Nigeria,a,To buy specific food products unavailable elsewhere,a,I am a regular customer (shop at least once a month),d,Friend or family recommendation,Daily,Daily,Several times/week,Several times/week,Daily,Daily,a,"Yes, multiple times",2,1,5,4,5,2,1,0,1,0,0,0,0,e,Never,e,Never,0,0,1,0,0,0,0,0,0,0,0,1,0,1,0,0,0,0,0,0,Website is mid honestly
137,2026-05-10T05:13:54,c,26–35,b,Female,,Student + Working,Student and working,b,African,,Cameroon,g,Cultural connection or nostalgia,a,I am a regular customer (shop at least once a month),d,Friend or family recommendation,Daily,Daily,Daily,Daily,Daily,Several times/week,a,"Yes, multiple times",5,3,5,3,4,4,1,1,1,1,1,1,0,e,Never,e,Never,1,1,1,1,1,1,1,1,0,1,0,0,1,1,0,0,0,0,0,0,I don't know
138,2026-05-10T05:18:08,b,18–25,b,Female,a,Student,,,Middle Eastern,Turkish,,h,To find ingredients for specific recipes,e,I have never heard of African Market,,,Daily,Daily,Daily,Several times/week,Several times/week,Daily,,,,,,,,,,,,,,,,,,,,,,,,,,,,,,,,,,,,,,,,
139,2026-05-10T05:23:28,b,18–25,a,Male,b,Employed full-time,,,Asian,Indian,,a,To buy specific food products unavailable elsewhere,d,I have heard of it but never visited,e,Walking past the store,Daily,Daily,Daily,Daily,Daily,Daily,c,No,,1,5,3,3,5,1,1,1,0,1,0,0,c,Sometimes,d,Occasionally,,,,,,,,0,0,0,0,1,0,0,0,0,0,0,1,0,Not sure
140,2026-05-10T05:30:17,b,18–25,a,Male,e,Unemployed,,,Asian,Asian (Bangladesh),,d,Recommendation from friends or family,d,I have heard of it but never visited,a,Facebook,Daily,Once a week,Several times/week,Once a week,Daily,Daily,c,No,,3,4,3,3,4,1,0,0,1,0,0,0,b,Often,d,Occasionally,0,0,0,1,0,0,0,0,0,0,0,1,0,0,0,0,0,0,1,0,I don't follow them online
141,2026-05-10T05:39:19,b,18–25,b,Female,a,Student,,b,African,,Gambia,d,Recommendation from friends or family,d,I have heard of it but never visited,e,Walking past the store,,,,,,,d,I was not aware they had a website,,3,3,3,2,1,1,0,0,0,1,0,0,e,Never,e,Never,0,0,0,1,0,0,1,0,1,0,0,0,0,0,0,0,0,0,1,0,
142,2026-05-10T16:12:02,c,26–35,b,Female,a,Student,,a,Lithuanian,,,h,To find ingredients for specific recipes,e,I have never heard of African Market,,,Daily,Daily,Several times/week,Several times/week,A few times/month,Several times/week,,,,,,,,,,,,,,,,,,,,,,,,,,,,,,,,,,,,,,,,
143,2026-05-10T16:31:06,b,18–25,c,Other,d,Self-employed,,c,European (non-Lithuanian),,,c,Curiosity about African cuisine or culture,e,I have never heard of African Market,,,Daily,Daily,Daily,Daily,Daily,Several times/week,,,,,,,,,,,,,,,,,,,,,,,,,,,,,,,,,,,,,,,,
144,2026-05-10T16:56:03,c,26–35,b,Female,a,Student,,b,African,,Liberia,a,To buy specific food products unavailable elsewhere,b,I am an occasional customer (shop a few times a year),d,Friend or family recommendation,Daily,Daily,Daily,Several times/week,Daily,Once a week,b,"Yes, once",3,3,5,5,4,1,1,1,1,1,1,1,0,a,Very often,c,About half the time,0,0,1,1,0,0,1,1,1,1,0,0,0,1,0,0,0,0,0,0,There should be more information about products on the website 😕
145,2026-05-10T17:02:29,b,18–25,b,Female,c,Employed part-time,,b,African,,DR Congo,h,To find ingredients for specific recipes,b,I am an occasional customer (shop a few times a year),d,Friend or family recommendation,Daily,Daily,Several times/week,Daily,A few times/month,Daily,c,No,,3,3,1,3,3,0,1,1,0,0,0,0,b,Often,d,Occasionally,1,1,0,0,0,0,1,1,0,0,0,0,1,1,0,0,0,0,0,0,
146,2026-05-10T17:09:35,c,26–35,b,Female,b,Employed full-time,,b,African,,Cameroon,d,Recommendation from friends or family,a,I am a regular customer (shop at least once a month),a,Facebook,Several times/week,Daily,Daily,A few times/month,Daily,Daily,a,"Yes, multiple times",3,2,3,3,3,1,1,0,0,0,0,0,0,a,Very often,d,Occasionally,1,0,1,0,0,1,0,1,0,1,0,0,1,1,1,0,0,0,0,0,"Online delivery, not just delivery by call. We should be able to arrange delivery online instead of calling the store."
147,2026-05-10T17:15:22,d,36–45,a,Male,,Student + Working,Working and studying at the same time,b,African,,Ghana,e,Convenience of location,c,I have visited once or twice,d,Friend or family recommendation,Once a week,Once a week,A few times/month,Several times/week,Daily,Rarely,b,"Yes, once",3,4,4,3,4,2,1,0,0,0,0,0,0,d,Rarely,d,Occasionally,0,0,0,0,0,0,1,0,0,0,1,0,0,1,0,0,0,0,0,0,Overall improvement
148,2026-05-10T19:02:52,b,18–25,b,Female,c,Employed part-time,,b,African,,Cameroon,b,To buy cosmetics or personal care products,a,I am a regular customer (shop at least once a month),d,Friend or family recommendation,Daily,Daily,Daily,Several times/week,Daily,Once a week,a,"Yes, multiple times",3,5,5,4,3,2,1,0,0,0,0,1,0,c,Sometimes,d,Occasionally,1,0,1,0,0,0,0,1,0,1,0,0,1,1,1,0,0,0,0,0,How come the products in the store are barely displayed on the website? The manager should do better or hire a digital marketing expert
149,2026-05-10T19:03:51,d,36–45,d,Prefer not to say,d,Self-employed,,c,European (non-Lithuanian),,,c,Curiosity about African cuisine or culture,e,I have never heard of African Market,,,Once a week,Once a week,Once a week,Once a week,Daily,Daily,,,,,,,,,,,,,,,,,,,,,,,,,,,,,,,,,,,,,,,,
150,2026-05-10T19:07:15,c,26–35,c,Other,b,Employed full-time,,a,Lithuanian,,,d,Recommendation from friends or family,d,I have heard of it but never visited,e,Walking past the store,Daily,Several times/week,Never,Once a week,Several times/week,Several times/week,c,No,,2,1,1,1,1,0,1,0,0,0,0,0,c,Sometimes,e,Never,0,0,0,0,0,0,1,0,0,0,0,1,0,0,0,0,0,0,1,0,I'm not a customer
151,2026-05-10T19:12:03,c,26–35,b,Female,,Student + Self-employed,Studying and Self employed,b,African,,Nigeria,b,To buy cosmetics or personal care products,b,I am an occasional customer (shop a few times a year),a,Facebook,Several times/week,Daily,Daily,A few times/month,Daily,Rarely,a,"Yes, multiple times",3,3,5,3,2,3,0,0,0,0,1,0,0,b,Often,c,About half the time,1,1,1,1,1,1,1,0,0,1,0,0,1,1,1,1,0,0,0,0,Advertisement
152,2026-05-10T19:55:05,b,18–25,a,Male,e,Unemployed,,,Asian,Pakistan,,h,To find ingredients for specific recipes,c,I have visited once or twice,e,Walking past the store,Daily,Rarely,Rarely,Daily,Daily,Daily,c,No,,1,3,4,4,2,1,0,0,1,0,0,0,c,Sometimes,d,Occasionally,0,0,0,1,0,0,0,0,0,0,0,1,,,,,,,,,
153,2026-05-10T20:44:18,b,18–25,b,Female,a,Student,,,Middle Eastern,Middle Eastern - Lebanese,,d,Recommendation from friends or family,d,I have heard of it but never visited,d,Friend or family recommendation,Several times/week,Daily,Daily,A few times/month,Several times/week,A few times/month,c,No,,3,4,3,2,2,0,0,0,0,0,0,1,d,Rarely,b,Most of the time,0,0,0,0,0,1,1,0,0,0,0,1,0,0,0,0,0,0,1,0,I don't know because I have never visited their wesbite and don't follow their social media
154,2026-05-10T20:49:13,b,18–25,a,Male,a,Student,,b,African,,Algeria,a,To buy specific food products unavailable elsewhere,c,I have visited once or twice,a,Facebook,Daily,Daily,Daily,Daily,Daily,Daily,b,"Yes, once",4,4,3,1,5,5,1,0,1,0,1,0,0,b,Often,c,About half the time,1,0,0,0,1,0,0,0,0,1,0,0,0,0,0,0,0,0,1,0,Easier online shopping experience
155,2026-05-10T20:49:55,c,26–35,b,Female,b,Employed full-time,,a,Lithuanian,,,d,Recommendation from friends or family,e,I have never heard of African Market,,,Daily,Several times/week,Several times/week,Daily,Daily,Daily,,,,,,,,,,,,,,,,,,,,,,,,,,,,,,,,,,,,,,,,
156,2026-05-10T20:54:49,d,36–45,b,Female,b,Employed full-time,,c,European (non-Lithuanian),,,d,Recommendation from friends or family,b,I am an occasional customer (shop a few times a year),e,Walking past the store,Once a week,Once a week,Several times/week,Daily,Daily,Never,b,"Yes, once",1,2,3,3,3,3,1,1,0,0,0,0,0,d,Rarely,c,About half the time,0,0,0,1,0,0,0,0,0,0,1,0,0,1,0,0,0,0,0,0,"I don't know if the store opens on Sundays now but it would be nice if there is opportunity to shop on Sunday because for a food store, the weekends should be fully functional"
157,2026-05-10T20:58:47,b,18–25,c,Other,d,Self-employed,,a,Lithuanian,,,d,Recommendation from friends or family,d,I have heard of it but never visited,e,Walking past the store,Daily,Once a week,Daily,Several times/week,Rarely,Several times/week,d,I was not aware they had a website,,2,2,1,3,3,0,0,0,0,0,0,1,a,Very often,c,About half the time,0,1,0,0,0,0,0,0,0,0,0,1,0,0,0,0,0,1,0,0,"Online Advertisement. If I did not walk past this store, I would not know it exists."
158,2026-05-10T21:02:58,c,26–35,a,Male,b,Employed full-time,,b,African,,Nigeria,d,Recommendation from friends or family,a,I am a regular customer (shop at least once a month),d,Friend or family recommendation,Daily,Daily,Once a week,Daily,Daily,Several times/week,a,"Yes, multiple times",4,4,5,5,5,5,0,0,0,0,1,0,0,b,Often,d,Occasionally,1,0,1,0,0,0,1,1,0,1,0,0,0,1,0,0,0,0,0,0,Add more information and products on the website. Create a bigger catalogue for more products.
159,2026-05-10T21:03:49,c,26–35,d,Prefer not to say,e,Unemployed,,c,European (non-Lithuanian),,,f,Affordable prices compared to alternatives,e,I have never heard of African Market,,,Daily,Daily,Daily,Daily,Rarely,Rarely,,,,,,,,,,,,,,,,,,,,,,,,,,,,,,,,,,,,,,,,
160,2026-05-10T21:52:34,c,26–35,b,Female,a,Student,,,Other,Australian,,c,Curiosity about African cuisine or culture,d,I have heard of it but never visited,d,Friend or family recommendation,Several times/week,Several times/week,Daily,Daily,Once a week,Once a week,c,No,,1,4,1,2,1,0,1,0,0,0,0,0,c,Sometimes,d,Occasionally,0,0,0,0,1,1,0,0,0,0,0,1,0,0,0,0,0,0,1,0,
161,2026-05-10T21:56:27,c,26–35,a,Male,b,Employed full-time,,,Other,Australian/Spanish,,d,Recommendation from friends or family,d,I have heard of it but never visited,d,Friend or family recommendation,Rarely,A few times/month,Rarely,Daily,Several times/week,Daily,d,I was not aware they had a website,,1,1,1,1,1,0,1,0,1,0,0,0,c,Sometimes,e,Never,0,0,0,1,0,0,0,1,0,0,0,0,0,0,0,0,0,0,1,0,
162,2026-05-10T21:58:35,b,18–25,d,Prefer not to say,a,Student,,c,European (non-Lithuanian),,,f,Affordable prices compared to alternatives,e,I have never heard of African Market,,,Daily,Daily,Daily,Once a week,Several times/week,A few times/month,,,,,,,,,,,,,,,,,,,,,,,,,,,,,,,,,,,,,,,,
163,2026-05-10T22:21:09,b,18–25,b,Female,a,Student,,b,African,,Morocco,h,To find ingredients for specific recipes,d,I have heard of it but never visited,e,Walking past the store,Several times/week,Daily,Daily,A few times/month,Once a week,Once a week,d,I was not aware they had a website,,3,4,3,3,3,1,0,0,0,0,0,0,a,Very often,c,About half the time,0,0,0,1,0,0,0,1,1,1,1,0,0,0,0,0,0,0,1,0,Prices are too expensive 😅
164,2026-05-10T22:57:57,b,18–25,b,Female,c,Employed part-time,,b,African,,Cameroon,b,To buy cosmetics or personal care products,a,I am a regular customer (shop at least once a month),a,Facebook,Daily,Daily,Daily,Once a week,Daily,A few times/month,b,"Yes, once",1,3,3,4,4,5,1,1,1,1,1,1,0,b,Often,c,About half the time,0,1,0,0,0,0,1,1,0,1,0,0,0,0,0,1,0,0,0,0,
165,2026-05-10T22:59:26,b,18–25,b,Female,a,Student,,,Asian,Kazakhstan,,h,To find ingredients for specific recipes,e,I have never heard of African Market,,,Daily,Daily,Daily,Daily,Daily,Never,,,,,,,,,,,,,,,,,,,,,,,,,,,,,,,,,,,,,,,,
166,2026-05-10T23:03:57,b,18–25,a,Male,a,Student,,b,African,,Ghana,g,Cultural connection or nostalgia,b,I am an occasional customer (shop a few times a year),d,Friend or family recommendation,Several times/week,Several times/week,A few times/month,Daily,Daily,Rarely,c,No,,5,5,3,4,3,1,1,0,0,0,0,0,c,Sometimes,e,Never,0,0,0,0,0,0,1,1,0,1,0,0,0,0,0,0,0,0,1,0,Swift response and delivery
167,2026-05-10T23:08:36,d,36–45,b,Female,,Employed + Self-employed,Employed and Self Employed,b,African,,Nigeria,h,To find ingredients for specific recipes,a,I am a regular customer (shop at least once a month),b,Instagram,Daily,Daily,Daily,Rarely,Daily,Rarely,b,"Yes, once",4,5,2,5,5,5,0,1,0,0,1,0,0,d,Rarely,d,Occasionally,0,0,1,0,0,1,0,1,0,1,0,0,1,1,0,0,0,0,0,0,"I will advise to get in partnership with reputable digital delivery companies instead of using people to deliver in an analog manner, this will make delivery more organized and trackable"
168,2026-05-10T23:15:02,e,46–55,b,Female,d,Self-employed,,a,Lithuanian,,,h,To find ingredients for specific recipes,b,I am an occasional customer (shop a few times a year),e,Walking past the store,Several times/week,A few times/month,Several times/week,Rarely,Rarely,Never,b,"Yes, once",2,4,1,1,5,4,0,1,0,0,1,0,0,c,Sometimes,d,Occasionally,0,1,0,0,0,0,0,1,1,0,0,0,0,1,1,1,0,0,0,0,"No spice or groceries displayed on the website, only a few food items and that's it."
169,2026-05-10T23:27:40,c,26–35,b,Female,c,Employed part-time,,,American,Nigerian American,,g,Cultural connection or nostalgia,b,I am an occasional customer (shop a few times a year),f,Google search,Daily,Daily,Several times/week,Several times/week,Several times/week,Never,c,No,,2,2,3,3,2,0,1,1,0,1,0,0,a,Very often,b,Most of the time,0,0,1,0,1,0,1,0,0,0,0,1,0,0,0,0,0,0,1,0,
170,2026-05-11T00:29:56,d,36–45,a,Male,b,Employed full-time,,b,African,,Guinea,a,To buy specific food products unavailable elsewhere,a,I am a regular customer (shop at least once a month),d,Friend or family recommendation,Several times/week,Several times/week,A few times/month,Several times/week,Daily,Rarely,a,"Yes, multiple times",4,5,5,5,4,4,1,1,1,0,0,1,0,b,Often,c,About half the time,1,1,1,1,1,1,1,0,1,1,1,0,0,1,0,0,0,0,0,0,It would be nice if there is more promotion of the African culture across the platforms
171,2026-05-11T00:34:48,b,18–25,b,Female,e,Unemployed,,,European (non-Lithuanian),Ukraine,,c,Curiosity about African cuisine or culture,c,I have visited once or twice,d,Friend or family recommendation,Daily,Daily,Daily,Daily,Daily,Several times/week,d,I was not aware they had a website,,3,3,4,4,2,1,1,1,1,0,1,0,a,Very often,b,Most of the time,0,1,0,1,0,0,0,0,0,0,0,1,0,1,0,0,0,0,0,0,"Can't say, they should figure that out"
172,2026-05-11T04:36:57,c,26–35,b,Female,e,Unemployed,,c,European (non-Lithuanian),,,c,Curiosity about African cuisine or culture,e,I have never heard of African Market,,,Daily,Daily,Daily,A few times/month,Once a week,Several times/week,,,,,,,,,,,,,,,,,,,,,,,,,,,,,,,,,,,,,,,,
173,2026-05-11T04:48:27,b,18–25,a,Male,a,Student,,b,African,,Egypt,h,To find ingredients for specific recipes,d,I have heard of it but never visited,d,Friend or family recommendation,Daily,Daily,Daily,Daily,Daily,Daily,b,"Yes, once",3,4,4,3,3,3,0,0,0,0,1,1,0,c,Sometimes,d,Occasionally,0,0,1,1,0,0,0,0,0,0,0,1,0,1,1,0,0,0,0,0,
174,2026-05-11T04:51:00,b,18–25,c,Other,c,Employed part-time,,a,Lithuanian,,,c,Curiosity about African cuisine or culture,d,I have heard of it but never visited,e,Walking past the store,Daily,Daily,Daily,Daily,Daily,Daily,d,I was not aware they had a website,,4,4,3,3,4,0,0,0,0,0,0,1,b,Often,b,Most of the time,,,,,,,,0,0,0,0,1,0,0,0,0,0,0,1,0,
175,2026-05-11T04:55:40,c,26–35,b,Female,b,Employed full-time,,b,African,,Nigeria,h,To find ingredients for specific recipes,b,I am an occasional customer (shop a few times a year),f,Google search,Several times/week,Daily,Daily,Once a week,Daily,Once a week,b,"Yes, once",2,5,4,3,4,5,1,0,1,1,1,1,0,a,Very often,b,Most of the time,1,0,1,1,0,0,0,1,0,0,0,0,1,1,0,0,0,0,0,0,Social media improvement
176,2026-05-11T04:59:21,c,26–35,a,Male,b,Employed full-time,,b,African,,DR Congo,b,To buy cosmetics or personal care products,c,I have visited once or twice,e,Walking past the store,Once a week,Several times/week,Several times/week,Daily,Daily,Daily,b,"Yes, once",4,2,2,4,4,4,0,0,1,0,0,0,0,a,Very often,d,Occasionally,0,0,0,0,0,0,1,1,1,0,0,0,0,1,0,0,0,0,0,0,
177,2026-05-11T05:02:57,c,26–35,b,Female,d,Self-employed,,a,Lithuanian,,,d,Recommendation from friends or family,d,I have heard of it but never visited,d,Friend or family recommendation,Several times/week,Daily,Daily,Daily,Once a week,Several times/week,d,I was not aware they had a website,,1,2,3,2,2,0,0,0,0,0,0,1,a,Very often,a,Always,0,0,1,1,0,1,1,0,0,0,0,1,0,0,0,0,0,0,0,1,I have no idea what their online services look like so I have no suggestions
178,2026-05-11T05:06:47,b,18–25,b,Female,a,Student,,b,African,,Cameroon,a,To buy specific food products unavailable elsewhere,a,I am a regular customer (shop at least once a month),a,Facebook,Daily,Daily,Daily,Rarely,Daily,Rarely,b,"Yes, once",3,5,5,4,4,3,1,1,1,1,1,1,0,b,Often,d,Occasionally,1,0,0,1,1,0,0,1,0,1,0,0,1,1,0,1,0,0,0,0,The Website needs some improvement
179,2026-05-11T05:07:36,b,18–25,d,Prefer not to say,a,Student,,c,European (non-Lithuanian),,,h,To find ingredients for specific recipes,e,I have never heard of African Market,,,Daily,Daily,Daily,Once a week,Once a week,Never,,,,,,,,,,,,,,,,,,,,,,,,,,,,,,,,,,,,,,,,
180,2026-05-11T05:10:18,c,26–35,b,Female,d,Self-employed,,,Asian,Sri Lanka,,b,To buy cosmetics or personal care products,d,I have heard of it but never visited,d,Friend or family recommendation,Rarely,A few times/month,Daily,Once a week,Daily,Once a week,c,No,,4,3,4,1,2,1,0,0,1,0,1,0,a,Very often,a,Always,0,0,0,0,1,0,0,1,1,0,0,0,0,0,0,0,0,0,1,0,
181,2026-05-11T05:11:20,c,26–35,c,Other,a,Student,,,Middle Eastern,Middle Eastern,,e,Convenience of location,e,I have never heard of African Market,,,Daily,Daily,Never,Several times/week,Several times/week,Daily,,,,,,,,,,,,,,,,,,,,,,,,,,,,,,,,,,,,,,,,
182,2026-05-11T05:18:31,b,18–25,a,Male,a,Student,,c,European (non-Lithuanian),,,h,To find ingredients for specific recipes,e,I have never heard of African Market,,,Daily,Daily,Several times/week,Daily,Several times/week,Daily,,,,,,,,,,,,,,,,,,,,,,,,,,,,,,,,,,,,,,,,
183,2026-05-11T05:44:33,c,26–35,b,Female,e,Unemployed,,b,African,,Ghana,f,Affordable prices compared to alternatives,b,I am an occasional customer (shop a few times a year),f,Google search,Daily,Daily,Daily,Several times/week,Several times/week,Several times/week,c,No,,4,4,3,3,4,0,0,0,0,0,0,1,d,Rarely,d,Occasionally,0,0,0,1,1,0,0,0,0,0,0,1,0,0,0,0,0,0,0,1,
184,2026-05-11T06:00:57,b,18–25,b,Female,c,Employed part-time,,c,European (non-Lithuanian),,,c,Curiosity about African cuisine or culture,c,I have visited once or twice,f,Google search,Several times/week,Once a week,Once a week,A few times/month,Daily,Rarely,c,No,,3,4,4,4,4,1,0,0,1,1,0,0,c,Sometimes,d,Occasionally,0,0,1,0,0,1,0,0,1,1,0,0,0,0,0,0,0,0,1,0,
185,2026-05-11T06:05:37,c,26–35,d,Prefer not to say,d,Self-employed,,b,African,,Zimbabwe,d,Recommendation from friends or family,b,I am an occasional customer (shop a few times a year),d,Friend or family recommendation,Several times/week,Daily,Daily,Daily,Never,Daily,a,"Yes, multiple times",3,4,5,5,1,1,1,0,1,1,1,0,0,c,Sometimes,b,Most of the time,0,0,1,0,0,0,0,1,1,1,1,0,1,1,1,0,0,0,0,0,
186,2026-05-11T06:08:22,c,26–35,a,Male,a,Student,,b,African,,Nigeria,d,Recommendation from friends or family,a,I am a regular customer (shop at least once a month),f,Google search,Daily,Daily,A few times/month,Daily,Daily,Daily,b,"Yes, once",4,1,4,3,3,3,1,1,1,1,1,1,0,c,Sometimes,c,About half the time,0,0,1,1,1,0,0,1,1,1,0,0,0,0,0,0,0,0,1,0,
187,2026-05-11T06:13:40,b,18–25,b,Female,a,Student,,b,African,,Zambia,h,To find ingredients for specific recipes,c,I have visited once or twice,d,Friend or family recommendation,Daily,Daily,Never,Several times/week,Daily,A few times/month,b,"Yes, once",3,2,2,2,4,4,0,0,0,0,0,0,1,d,Rarely,b,Most of the time,0,0,1,1,0,0,0,0,1,0,0,0,0,0,0,1,0,0,0,0,
188,2026-05-11T06:17:22,b,18–25,a,Male,,Employed + Self-employed,Working and running a business too,,American,American,,h,To find ingredients for specific recipes,c,I have visited once or twice,f,Google search,Daily,Several times/week,Rarely,Daily,Rarely,A few times/month,b,"Yes, once",,3,3,4,5,1,1,1,1,1,1,1,0,c,Sometimes,d,Occasionally,0,1,0,0,0,0,1,1,1,1,0,0,0,0,0,0,0,0,1,0,Just do what is right for the customers
189,2026-05-11T06:33:22,b,18–25,b,Female,b,Employed full-time,,a,Lithuanian,,,a,To buy specific food products unavailable elsewhere,d,I have heard of it but never visited,e,Walking past the store,Daily,Daily,Daily,Daily,Daily,Never,d,I was not aware they had a website,,5,5,5,4,4,1,0,1,0,0,0,0,d,Rarely,e,Never,1,1,0,1,1,1,1,0,0,0,0,1,1,1,1,1,0,0,0,0,
190,2026-05-11T06:36:44,d,36–45,a,Male,b,Employed full-time,,,American,American,,d,Recommendation from friends or family,a,I am a regular customer (shop at least once a month),e,Walking past the store,Daily,Several times/week,Several times/week,Several times/week,Several times/week,Several times/week,c,No,,4,3,2,4,4,0,1,0,0,0,1,0,d,Rarely,c,About half the time,1,1,1,1,0,0,0,1,0,1,0,0,1,1,1,1,0,0,0,0,
191,2026-05-11T06:43:06,b,18–25,b,Female,a,Student,,b,African,,Cameroon,a,To buy specific food products unavailable elsewhere,a,I am a regular customer (shop at least once a month),a,Facebook,Daily,Daily,Daily,Daily,Daily,Once a week,a,"Yes, multiple times",1,4,4,5,4,3,1,1,1,1,1,1,0,b,Often,b,Most of the time,1,0,1,0,0,0,1,1,0,1,1,0,0,0,1,1,0,0,0,0,"Reduce price, I pick a few things and it's already 30 euros minimum"
192,2026-05-11T06:47:49,c,26–35,a,Male,c,Employed part-time,,b,African,,Nigeria,d,Recommendation from friends or family,a,I am a regular customer (shop at least once a month),c,TikTok,Several times/week,Several times/week,Several times/week,Several times/week,Several times/week,Several times/week,a,"Yes, multiple times",4,3,3,4,3,3,1,1,0,0,1,1,0,d,Rarely,c,About half the time,0,0,0,1,0,0,0,0,0,0,0,1,0,1,0,0,0,0,0,0,"Apart from the WhatsApp group, create a community on other social media platforms"
193,2026-05-11T06:51:25,c,26–35,b,Female,b,Employed full-time,,b,African,,Kenya,b,To buy cosmetics or personal care products,d,I have heard of it but never visited,e,Walking past the store,Several times/week,Daily,Several times/week,Several times/week,Several times/week,Daily,c,No,,2,1,2,4,4,0,0,0,0,0,0,1,d,Rarely,c,About half the time,1,0,0,0,0,0,0,1,1,1,0,0,1,1,1,0,0,0,0,0,website should be updated frequently
194,2026-05-11T13:41:59,c,26–35,a,Male,d,Self-employed,,c,European (non-Lithuanian),,,d,Recommendation from friends or family,c,I have visited once or twice,d,Friend or family recommendation,Daily,Daily,Rarely,Daily,Daily,Daily,c,No,,4,3,5,5,2,1,1,1,0,0,1,0,c,Sometimes,d,Occasionally,1,1,0,0,1,1,1,0,0,1,1,0,1,1,0,0,0,0,0,0,"I could not find any spice or livestock on the website, these should be included on the website product catalogue as well."
